id,word
1,Abundant
2,Accumulate
3,Accurate
4,Accustomed
5,Acquire
6,Adamant
7,Adequate
8,Adjacent
9,Adjust
10,Advantage
11,Advocate
12,Adverse
13,Aggregate
14,Aggressive
15,Allocate
16,Alternative
17,Amateur
18,Ambiguous
19,Ambitious
20,Amend
21,Ample
22,Anomaly
23,Annual
24,Antagonize
25,Attitude
26,Attribute
27,Arbitrary
28,Arduous
29,Assuage
30,Assume
31,Augment
32,Benefit
33,Berate
34,Bestow
35,Boast
36,Boost
37,Brash
38,Brief
39,Brusque
40,Cacophony
41,Cease
42,Censure
43,Chronological
44,Clarify
45,Coalesce
46,Coerce
47,Cognizant
48,Cohesion
49,Coincide
50,Collapse
51,Collide
52,Commitment
53,Community
54,Conceal
55,Concur
56,Conflict
57,Constrain
58,Contemplate
59,Continuously
60,Contradict
61,Contribute
62,Convey
63,Copious
64,Core
65,Corrode
66,Cumbersome
67,Curriculum
68,Data
69,Decay
70,Deceive
71,Decipher
72,Declaration
73,Decline
74,Degrade
75,Demonstrate
76,Deny
77,Deplete
78,Deposit
79,Desirable
80,Despise
81,Detect
82,Deter
83,Deviate
84,Devise
85,Diatribe
86,Digress
87,Dilemma
88,Diminish
89,Dispose
90,Disproportionate
91,Disrupt
92,Distort
93,Distribute
94,Diverse
95,Divert
96,Dynamic
97,Ease
98,Efficient
99,Eliminate
100,Elite
101,Eloquent
102,Emphasize
103,Endure
104,Enhance
105,Epitome
106,Equivalent
107,Erroneous
108,Estimate
109,Evade
110,Evaluate
111,Evidence
112,Evolve
113,Exemplary
114,Exclude
115,Exclusive
116,Expand
117,Expertise
118,Exploit
119,Expose
120,Extension
121,Extract
122,Famine
123,Feasible
124,Finite
125,Flaw
126,Fluctuate
127,Focus
128,Fortify
129,Framework
130,Frivolous
131,Function
132,Fundamental
133,Gap
134,Garbled
135,Generate
136,Grandiose
137,Hackneyed
138,Haphazard
139,Harsh
140,Hasty
141,Hazardous
142,Hesitate
143,Hierarchy
144,Hindrance
145,Hollow
146,Horror
147,Hostile
148,Hypothesis
149,Identical
150,Illiterate
151,Illustrate
152,Impact
153,Impair
154,Implement
155,Imply
156,Impose
157,Impoverish
158,Incentive
159,Incessant
160,Incidental
161,Incite
162,Inclination
163,Incompetent
164,Inconsistent
165,Indefatigable
166,Indisputable
167,Ineffective
168,Inevitable
169,Infer
170,Inflate
171,Influence
172,Inhibit
173,Initial
174,Inquiry
175,Integral
176,Integrate
177,Interpret
178,Intervene
179,Intrepid
180,Intricate
181,Invasive
182,Investigate
183,Irascible
184,Irony
185,Irresolute
186,Jargon
187,Jointly
188,Knack
189,Labor
190,Lag
191,Lampoon
192,Languish
193,Lecture
194,Leery
195,Legitimate
196,Lenient
197,Likely
198,Ludicrous
199,Maintain
200,Major
201,Manipulate
202,Maximize
203,Measure
204,Mediocre
205,Mend
206,Method
207,Migrate
208,Minimum
209,Misleading
210,Modify
211,Morose
212,Negligent
213,Nonchalant
214,Obey
215,Obtain
216,Obvious
217,Opponent
218,Oppress
219,Origin
220,Paradigm
221,Parsimonious
222,Partake
223,Partial
224,Paucity
225,Peak
226,Peripheral
227,Permeate
228,Persist
229,Pertain
230,Phase
231,Poll
232,Potent
233,Pragmatic
234,Praise
235,Precede
236,Precise
237,Prestigious
238,Prevalent
239,Primary
240,Prior
241,Proceed
242,Progeny
243,Promote
244,Prosper
245,Proximity
246,Quarrel
247,Range
248,Rank
249,Rebuke
250,Recapitulate
251,Recede
252,Recommend
253,Reform
254,Regulate
255,Reinforce
256,Reject
257,Release
258,Rely
259,Reproach
260,Require
261,Resent
262,Resign
263,Resist
264,Resolve
265,Restrict
266,Retain
267,Retract
268,Retrieve
269,Rhetorical
270,Rigid
271,Rotate
272,Safeguard
273,Scrutinize
274,Section
275,Select
276,Sequence
277,Severe
278,Shallow
279,Shelter
280,Shrink
281,Significant
282,Source
283,Sparse
284,Specify
285,Speculate
286,Solitary
287,Somber
288,Soothe
289,Squalid
290,Stable
291,Stagnant
292,Strategy
293,Subsequent
294,Substitute
295,Subtle
296,Sufficient
297,Summarize
298,Supervise
299,Supplant
300,Suspend
301,Suspicious
302,Sustain
303,Symbolic
304,Technical
305,Terminal
306,Tolerate
307,Transfer
308,Transition
309,Transparent
310,Tuition
311,Unobtrusive
312,Unscathed
313,Upbeat
314,Unjust
315,Vacillate
316,Valid
317,Vanish
318,Vary
319,Verdict
320,Vestige
321,Vial
322,Vilify
323,Voluminous
324,Whereas
325,Wholly
326,Widespread
327,Wilt
